{
    "dataset_size": 4946,
    "rmse": 62364.98237314653,
    "r2": 0.6653550158522976
}