{
    "dataset_size": 20433,
    "rmse": 69297.71669113028,
    "r2": 0.6488402154431996
}